{
  "properties": {
    "connectionReferences": {
      "shared_commondataserviceforapps_1": {
        "runtimeSource": "embedded",
        "connection": {
          "connectionReferenceLogicalName": "hps_sharedcommondataserviceforapps_f66af"
        },
        "api": {
          "name": "shared_commondataserviceforapps"
        }
      },
      "shared_sharepointonline": {
        "runtimeSource": "embedded",
        "connection": {
          "connectionReferenceLogicalName": "hps_sharedsharepointonline_54b4a"
        },
        "api": {
          "name": "shared_sharepointonline"
        }
      }
    },
    "definition": {
      "$schema": "https://schema.management.azure.com/providers/Microsoft.Logic/schemas/2016-06-01/workflowdefinition.json#",
      "contentVersion": "1.0.0.0",
      "parameters": {
        "$connections": {
          "defaultValue": {},
          "type": "Object"
        },
        "$authentication": {
          "defaultValue": {},
          "type": "SecureObject"
        }
      },
      "triggers": {
        "When_a_row_is_added,_modified_or_deleted": {
          "metadata": {
            "operationMetadataId": "f2d60fe6-f911-4801-b1f1-95fecfb5afc9"
          },
          "type": "OpenApiConnectionWebhook",
          "inputs": {
            "host": {
              "connectionName": "shared_commondataserviceforapps_1",
              "operationId": "SubscribeWebhookTrigger",
              "apiId": "/providers/Microsoft.PowerApps/apis/shared_commondataserviceforapps"
            },
            "parameters": {
              "subscriptionRequest/message": 3,
              "subscriptionRequest/entityname": "hps_veteransmemorialcemeteryapplication",
              "subscriptionRequest/scope": 4,
              "subscriptionRequest/filteringattributes": "statuscode"
            },
            "authentication": "@parameters('$authentication')"
          },
          "conditions": [
            {
              "expression": "@equals(triggerOutputs()?['body/statuscode'],980520001)"
            }
          ]
        }
      },
      "actions": {
        "Condition": {
          "actions": {
            "Download_a_file_or_an_image_6": {
              "runAfter": {},
              "metadata": {
                "operationMetadataId": "0b4830e8-0195-41ad-837e-a940e927289b"
              },
              "type": "OpenApiConnection",
              "inputs": {
                "host": {
                  "connectionName": "shared_commondataserviceforapps_1",
                  "operationId": "GetEntityFileImageFieldContent",
                  "apiId": "/providers/Microsoft.PowerApps/apis/shared_commondataserviceforapps"
                },
                "parameters": {
                  "entityName": "hps_veteransmemorialcemeteryapplications",
                  "recordId": "@triggerOutputs()?['body/hps_veteransmemorialcemeteryapplicationid']",
                  "fileImageFieldName": "hps_copyofmarriagecertificate_file_id"
                },
                "authentication": "@parameters('$authentication')"
              }
            },
            "Create_file": {
              "runAfter": {
                "Download_a_file_or_an_image_6": [
                  "Succeeded"
                ]
              },
              "metadata": {
                "operationMetadataId": "d383259a-39c6-412f-808c-5cabffb02321"
              },
              "type": "OpenApiConnection",
              "inputs": {
                "host": {
                  "connectionName": "shared_sharepointonline",
                  "operationId": "CreateFile",
                  "apiId": "/providers/Microsoft.PowerApps/apis/shared_sharepointonline"
                },
                "parameters": {
                  "dataset": "https://testtestmsftgccfo.sharepoint.com/sites/JohnP-TeamSite",
                  "folderPath": "@variables('Folder Name')",
                  "name": "Copy of Marriage Certificate.pdf",
                  "body": "@body('Download_a_file_or_an_image_6')"
                },
                "authentication": "@parameters('$authentication')"
              },
              "runtimeConfiguration": {
                "contentTransfer": {
                  "transferMode": "Chunked"
                }
              }
            }
          },
          "runAfter": {
            "Initialize_variable_2": [
              "Succeeded"
            ]
          },
          "expression": {
            "not": {
              "equals": [
                "@triggerOutputs()?['body/hps_copyofmarriagecertificate_file_id']",
                "@null"
              ]
            }
          },
          "metadata": {
            "operationMetadataId": "4d3bf7f2-f864-4668-b1eb-0faa9116ba9a"
          },
          "type": "If"
        },
        "Initialize_variable": {
          "runAfter": {
            "Initialize_variable_3": [
              "Succeeded"
            ]
          },
          "metadata": {
            "operationMetadataId": "d5527078-d3d2-4949-a270-d2e39a94ffbe"
          },
          "type": "InitializeVariable",
          "inputs": {
            "variables": [
              {
                "name": "Errors",
                "type": "string"
              }
            ]
          }
        },
        "Condition_2": {
          "actions": {
            "Download_a_file_or_an_image": {
              "runAfter": {},
              "metadata": {
                "operationMetadataId": "7440dc85-61f6-442b-bda2-8ae433735715"
              },
              "type": "OpenApiConnection",
              "inputs": {
                "host": {
                  "connectionName": "shared_commondataserviceforapps_1",
                  "operationId": "GetEntityFileImageFieldContent",
                  "apiId": "/providers/Microsoft.PowerApps/apis/shared_commondataserviceforapps"
                },
                "parameters": {
                  "entityName": "hps_veteransmemorialcemeteryapplications",
                  "recordId": "@triggerOutputs()?['body/hps_veteransmemorialcemeteryapplicationid']",
                  "fileImageFieldName": "hps_requireddocumentation_old"
                },
                "authentication": "@parameters('$authentication')"
              }
            },
            "Create_file_2": {
              "runAfter": {
                "Download_a_file_or_an_image": [
                  "Succeeded"
                ]
              },
              "metadata": {
                "operationMetadataId": "4f769030-809a-4036-84ea-fa262b7faaac"
              },
              "type": "OpenApiConnection",
              "inputs": {
                "host": {
                  "connectionName": "shared_sharepointonline",
                  "operationId": "CreateFile",
                  "apiId": "/providers/Microsoft.PowerApps/apis/shared_sharepointonline"
                },
                "parameters": {
                  "dataset": "https://testtestmsftgccfo.sharepoint.com/sites/JohnP-TeamSite",
                  "folderPath": "@variables('Folder Name')",
                  "name": "Required Documentation.pdf",
                  "body": "@body('Download_a_file_or_an_image')"
                },
                "authentication": "@parameters('$authentication')"
              },
              "runtimeConfiguration": {
                "contentTransfer": {
                  "transferMode": "Chunked"
                }
              }
            }
          },
          "runAfter": {
            "Initialize_variable_2": [
              "Succeeded"
            ]
          },
          "expression": {
            "not": {
              "equals": [
                "@triggerOutputs()?['body/hps_requireddocumentation_old']",
                "@null"
              ]
            }
          },
          "metadata": {
            "operationMetadataId": "a6003fcd-f9f6-46e1-99b0-728393bf58a3"
          },
          "type": "If"
        },
        "Condition_3": {
          "actions": {
            "Download_a_file_or_an_image_2": {
              "runAfter": {},
              "metadata": {
                "operationMetadataId": "5562c035-99ec-4923-ae81-935c2469dcf2"
              },
              "type": "OpenApiConnection",
              "inputs": {
                "host": {
                  "connectionName": "shared_commondataserviceforapps_1",
                  "operationId": "GetEntityFileImageFieldContent",
                  "apiId": "/providers/Microsoft.PowerApps/apis/shared_commondataserviceforapps"
                },
                "parameters": {
                  "entityName": "hps_veteransmemorialcemeteryapplications",
                  "recordId": "@triggerOutputs()?['body/hps_veteransmemorialcemeteryapplicationid']",
                  "fileImageFieldName": "hps_proofofrirresidency_file_old"
                },
                "authentication": "@parameters('$authentication')"
              }
            },
            "Create_file_3": {
              "runAfter": {
                "Download_a_file_or_an_image_2": [
                  "Succeeded"
                ]
              },
              "metadata": {
                "operationMetadataId": "cefc543d-bd19-4186-ad80-617fb5661a95"
              },
              "type": "OpenApiConnection",
              "inputs": {
                "host": {
                  "connectionName": "shared_sharepointonline",
                  "operationId": "CreateFile",
                  "apiId": "/providers/Microsoft.PowerApps/apis/shared_sharepointonline"
                },
                "parameters": {
                  "dataset": "https://testtestmsftgccfo.sharepoint.com/sites/JohnP-TeamSite",
                  "folderPath": "@variables('Folder Name')",
                  "name": "Proof of RI Residency.pdf",
                  "body": "@body('Download_a_file_or_an_image_2')"
                },
                "authentication": "@parameters('$authentication')"
              },
              "runtimeConfiguration": {
                "contentTransfer": {
                  "transferMode": "Chunked"
                }
              }
            }
          },
          "runAfter": {
            "Initialize_variable_2": [
              "Succeeded"
            ]
          },
          "expression": {
            "not": {
              "equals": [
                "@triggerOutputs()?['body/hps_proofofrirresidency_file_old']",
                "@null"
              ]
            }
          },
          "metadata": {
            "operationMetadataId": "ad928244-fe00-4f76-908e-b7983dd5d9c3"
          },
          "type": "If"
        },
        "Condition_4": {
          "actions": {
            "Download_a_file_or_an_image_3": {
              "runAfter": {},
              "metadata": {
                "operationMetadataId": "631a4cd5-6c29-436f-aafd-fde62cada5c3"
              },
              "type": "OpenApiConnection",
              "inputs": {
                "host": {
                  "connectionName": "shared_commondataserviceforapps_1",
                  "operationId": "GetEntityFileImageFieldContent",
                  "apiId": "/providers/Microsoft.PowerApps/apis/shared_commondataserviceforapps"
                },
                "parameters": {
                  "entityName": "hps_veteransmemorialcemeteryapplications",
                  "recordId": "@triggerOutputs()?['body/hps_veteransmemorialcemeteryapplicationid']",
                  "fileImageFieldName": "hps_powerofattorneydocumentation_old"
                },
                "authentication": "@parameters('$authentication')"
              }
            },
            "Create_file_4": {
              "runAfter": {
                "Download_a_file_or_an_image_3": [
                  "Succeeded"
                ]
              },
              "metadata": {
                "operationMetadataId": "273d9137-6c83-486d-99b8-d1acfd46aa0a"
              },
              "type": "OpenApiConnection",
              "inputs": {
                "host": {
                  "connectionName": "shared_sharepointonline",
                  "operationId": "CreateFile",
                  "apiId": "/providers/Microsoft.PowerApps/apis/shared_sharepointonline"
                },
                "parameters": {
                  "dataset": "https://testtestmsftgccfo.sharepoint.com/sites/JohnP-TeamSite",
                  "folderPath": "@variables('Folder Name')",
                  "name": "Power of Attorney Documentation.pdf",
                  "body": "@body('Download_a_file_or_an_image_3')"
                },
                "authentication": "@parameters('$authentication')"
              },
              "runtimeConfiguration": {
                "contentTransfer": {
                  "transferMode": "Chunked"
                }
              }
            }
          },
          "runAfter": {
            "Initialize_variable_2": [
              "Succeeded"
            ]
          },
          "expression": {
            "equals": [
              "",
              ""
            ]
          },
          "metadata": {
            "operationMetadataId": "963d87c2-0779-4778-91b3-89f1d438dd2e"
          },
          "type": "If"
        },
        "Condition_5": {
          "actions": {
            "Download_a_file_or_an_image_5": {
              "runAfter": {},
              "metadata": {
                "operationMetadataId": "5d265335-1eac-4d2a-9dd9-7bc6003a87d3"
              },
              "type": "OpenApiConnection",
              "inputs": {
                "host": {
                  "connectionName": "shared_commondataserviceforapps_1",
                  "operationId": "GetEntityFileImageFieldContent",
                  "apiId": "/providers/Microsoft.PowerApps/apis/shared_commondataserviceforapps"
                },
                "parameters": {
                  "entityName": "hps_veteransmemorialcemeteryapplications",
                  "recordId": "@triggerOutputs()?['body/hps_veteransmemorialcemeteryapplicationid']",
                  "fileImageFieldName": "hps_dd214or20yearletter_old"
                },
                "authentication": "@parameters('$authentication')"
              }
            },
            "Create_file_5": {
              "runAfter": {
                "Download_a_file_or_an_image_5": [
                  "Succeeded"
                ]
              },
              "metadata": {
                "operationMetadataId": "c2ff27ab-f061-4558-89a1-e614e743c03f"
              },
              "type": "OpenApiConnection",
              "inputs": {
                "host": {
                  "connectionName": "shared_sharepointonline",
                  "operationId": "CreateFile",
                  "apiId": "/providers/Microsoft.PowerApps/apis/shared_sharepointonline"
                },
                "parameters": {
                  "dataset": "https://testtestmsftgccfo.sharepoint.com/sites/JohnP-TeamSite",
                  "folderPath": "@variables('Folder Name')",
                  "name": "DD-214 or 20 Year Letter.pdf",
                  "body": "@body('Download_a_file_or_an_image_5')"
                },
                "authentication": "@parameters('$authentication')"
              },
              "runtimeConfiguration": {
                "contentTransfer": {
                  "transferMode": "Chunked"
                }
              }
            }
          },
          "runAfter": {
            "Initialize_variable_2": [
              "Succeeded"
            ]
          },
          "expression": {
            "not": {
              "equals": [
                "@triggerOutputs()?['body/hps_dd214or20yearletter_old']",
                "@null"
              ]
            }
          },
          "metadata": {
            "operationMetadataId": "46e5497d-2ca2-4e1e-b30c-ad206c0bc746"
          },
          "type": "If"
        },
        "Condition_6": {
          "actions": {
            "Download_a_file_or_an_image_4": {
              "runAfter": {},
              "metadata": {
                "operationMetadataId": "fd9d3790-0e3f-4695-8d92-87de19b4ab02"
              },
              "type": "OpenApiConnection",
              "inputs": {
                "host": {
                  "connectionName": "shared_commondataserviceforapps_1",
                  "operationId": "GetEntityFileImageFieldContent",
                  "apiId": "/providers/Microsoft.PowerApps/apis/shared_commondataserviceforapps"
                },
                "parameters": {
                  "entityName": "hps_veteransmemorialcemeteryapplications",
                  "recordId": "@triggerOutputs()?['body/hps_veteransmemorialcemeteryapplicationid']",
                  "fileImageFieldName": "hps_otherstatedocumentation_file_old"
                },
                "authentication": "@parameters('$authentication')"
              }
            },
            "Create_file_6": {
              "runAfter": {
                "Download_a_file_or_an_image_4": [
                  "Succeeded"
                ]
              },
              "metadata": {
                "operationMetadataId": "7fa5c056-6485-4df2-a1ed-a1b300a1f4e2"
              },
              "type": "OpenApiConnection",
              "inputs": {
                "host": {
                  "connectionName": "shared_sharepointonline",
                  "operationId": "CreateFile",
                  "apiId": "/providers/Microsoft.PowerApps/apis/shared_sharepointonline"
                },
                "parameters": {
                  "dataset": "https://testtestmsftgccfo.sharepoint.com/sites/JohnP-TeamSite",
                  "folderPath": "@variables('Folder Name')",
                  "name": "Other State Documentation.pdf",
                  "body": "@body('Download_a_file_or_an_image_4')"
                },
                "authentication": "@parameters('$authentication')"
              },
              "runtimeConfiguration": {
                "contentTransfer": {
                  "transferMode": "Chunked"
                }
              }
            }
          },
          "runAfter": {
            "Initialize_variable_2": [
              "Succeeded"
            ]
          },
          "expression": {
            "not": {
              "equals": [
                "@triggerOutputs()?['body/hps_otherstatedocumentation_file_old']",
                "@null"
              ]
            }
          },
          "metadata": {
            "operationMetadataId": "5ad34c0a-80ea-419b-94a1-9012260dd470"
          },
          "type": "If"
        },
        "Initialize_variable_2": {
          "runAfter": {
            "Initialize_variable": [
              "Succeeded"
            ]
          },
          "metadata": {
            "operationMetadataId": "0d742ef9-6db3-4469-a868-47a66d346623"
          },
          "type": "InitializeVariable",
          "inputs": {
            "variables": [
              {
                "name": "Folder Name",
                "type": "string",
                "value": "/hps_veteransmemorialcemeteryapplication/@{triggerOutputs()?['body/hps_applicationname']}_@{toUpper(replace(triggerOutputs()?['body/hps_veteransmemorialcemeteryapplicationid'],'-',''))}"
              }
            ]
          }
        },
        "Initialize_variable_3": {
          "runAfter": {},
          "metadata": {
            "operationMetadataId": "cf91e148-4b7d-4bee-a2c3-2ba83c4b91ac"
          },
          "type": "InitializeVariable",
          "inputs": {
            "variables": [
              {
                "name": "test",
                "type": "string",
                "value": "@{equals(triggerOutputs()?['body/statuscode'],980520001)}"
              }
            ]
          }
        }
      }
    },
    "templateName": ""
  },
  "schemaVersion": "1.0.0.0"
}