{
  "properties": {
    "connectionReferences": {
      "shared_sharepointonline": {
        "runtimeSource": "embedded",
        "connection": {
          "connectionReferenceLogicalName": "hps_sharedsharepointonline_54b4a"
        },
        "api": {
          "name": "shared_sharepointonline"
        }
      },
      "shared_commondataserviceforapps_1": {
        "runtimeSource": "embedded",
        "connection": {
          "connectionReferenceLogicalName": "hps_sharedcommondataserviceforapps_f66af"
        },
        "api": {
          "name": "shared_commondataserviceforapps"
        }
      }
    },
    "definition": {
      "$schema": "https://schema.management.azure.com/providers/Microsoft.Logic/schemas/2016-06-01/workflowdefinition.json#",
      "contentVersion": "1.0.0.0",
      "parameters": {
        "$connections": {
          "defaultValue": {},
          "type": "Object"
        },
        "$authentication": {
          "defaultValue": {},
          "type": "SecureObject"
        }
      },
      "triggers": {
        "When_a_row_is_added,_modified_or_deleted": {
          "metadata": {
            "operationMetadataId": "7f734270-b35f-4375-b87d-b71cbf152f52"
          },
          "type": "OpenApiConnectionWebhook",
          "inputs": {
            "host": {
              "connectionName": "shared_commondataserviceforapps_1",
              "operationId": "SubscribeWebhookTrigger",
              "apiId": "/providers/Microsoft.PowerApps/apis/shared_commondataserviceforapps"
            },
            "parameters": {
              "subscriptionRequest/message": 1,
              "subscriptionRequest/entityname": "hps_veteransmemorialcemeteryapplication",
              "subscriptionRequest/scope": 4
            },
            "authentication": "@parameters('$authentication')"
          }
        }
      },
      "actions": {
        "Create_new_folder": {
          "runAfter": {
            "Initialize_variable_2": [
              "Succeeded"
            ]
          },
          "metadata": {
            "operationMetadataId": "0af88ea8-bb51-43ee-beca-57866eca248c"
          },
          "type": "OpenApiConnection",
          "inputs": {
            "host": {
              "connectionName": "shared_sharepointonline",
              "operationId": "CreateNewFolder",
              "apiId": "/providers/Microsoft.PowerApps/apis/shared_sharepointonline"
            },
            "parameters": {
              "dataset": "https://testtestmsftgccfo.sharepoint.com/sites/JohnP-TeamSite",
              "table": "06d0e55e-1843-407a-bf3a-954468e62ba6",
              "parameters/path": "@variables('New Folder Name')"
            },
            "authentication": "@parameters('$authentication')"
          }
        },
        "List_rows": {
          "runAfter": {
            "Create_new_folder": [
              "Succeeded"
            ]
          },
          "metadata": {
            "operationMetadataId": "09cdc58a-8bd3-48ae-80cb-266c6619da88"
          },
          "type": "OpenApiConnection",
          "inputs": {
            "host": {
              "connectionName": "shared_commondataserviceforapps_1",
              "operationId": "ListRecords",
              "apiId": "/providers/Microsoft.PowerApps/apis/shared_commondataserviceforapps"
            },
            "parameters": {
              "entityName": "sharepointdocumentlocations",
              "$filter": "name eq '@{variables('Entity Name for Records')}'",
              "$top": 1
            },
            "authentication": "@parameters('$authentication')"
          }
        },
        "Initialize_variable": {
          "runAfter": {},
          "metadata": {
            "operationMetadataId": "5bce2797-ba6c-4a71-a360-6ca952751de5"
          },
          "type": "InitializeVariable",
          "inputs": {
            "variables": [
              {
                "name": "New Folder Name",
                "type": "string",
                "value": "@{triggerOutputs()?['body/hps_applicationname']}_@{toUpper(replace(triggerOutputs()?['body/hps_veteransmemorialcemeteryapplicationid'],'-',''))}"
              }
            ]
          }
        },
        "Initialize_variable_2": {
          "runAfter": {
            "Initialize_variable": [
              "Succeeded"
            ]
          },
          "metadata": {
            "operationMetadataId": "79e388c5-5b2e-4d1d-88ae-19dc1fa61281"
          },
          "type": "InitializeVariable",
          "inputs": {
            "variables": [
              {
                "name": "Entity Name for Records",
                "type": "string",
                "value": "Veterans Memorial Cemetery Application"
              }
            ]
          }
        },
        "Apply_to_each": {
          "foreach": "@outputs('List_rows')?['body/value']",
          "actions": {
            "Add_a_new_row": {
              "runAfter": {},
              "metadata": {
                "operationMetadataId": "0107ad06-093c-4a99-b821-fb6e9853a4dc"
              },
              "type": "OpenApiConnection",
              "inputs": {
                "host": {
                  "connectionName": "shared_commondataserviceforapps_1",
                  "operationId": "CreateRecord",
                  "apiId": "/providers/Microsoft.PowerApps/apis/shared_commondataserviceforapps"
                },
                "parameters": {
                  "entityName": "sharepointdocumentlocations",
                  "item/name": "@variables('New Folder Name')",
                  "item/servicetype": 0,
                  "item/locationtype": 0,
                  "item/parentsiteorlocation_sharepointdocumentlocation@odata.bind": "@items('Apply_to_each')?['sharepointdocumentlocationid']",
                  "item/relativeurl": "@variables('New Folder Name')"
                },
                "authentication": "@parameters('$authentication')"
              }
            },
            "Relate_rows": {
              "runAfter": {
                "Add_a_new_row": [
                  "Succeeded"
                ]
              },
              "metadata": {
                "operationMetadataId": "a8ae730d-acd4-4f9c-9db1-22d69d3a1dd4"
              },
              "type": "OpenApiConnection",
              "inputs": {
                "host": {
                  "connectionName": "shared_commondataserviceforapps_1",
                  "operationId": "AssociateEntities",
                  "apiId": "/providers/Microsoft.PowerApps/apis/shared_commondataserviceforapps"
                },
                "parameters": {
                  "entityName": "hps_veteransmemorialcemeteryapplications",
                  "recordId": "@triggerOutputs()?['body/hps_veteransmemorialcemeteryapplicationid']",
                  "associationEntityRelationship": "hps_veteransmemorialcemeteryapplication_SharePointDocumentLocations",
                  "item/@odata.id": "@outputs('Add_a_new_row')?['body/sharepointdocumentlocationid']"
                },
                "authentication": "@parameters('$authentication')"
              }
            }
          },
          "runAfter": {
            "List_rows": [
              "Succeeded"
            ]
          },
          "metadata": {
            "operationMetadataId": "4a7d78d9-7000-4998-99af-2a729e92a95c"
          },
          "type": "Foreach"
        }
      }
    },
    "templateName": ""
  },
  "schemaVersion": "1.0.0.0"
}