<ImportExportXml version="9.2.23122.208" SolutionPackageVersion="9.2" languagecode="1033" generatedBy="CrmLive" xmlns:xsi="http://www.w3.org/2001/XMLSchema-instance">
  <SolutionManifest>
    <UniqueName>RhodeIslandVetCemApp</UniqueName>
    <LocalizedNames>
      <LocalizedName description="Rhode Island - Vet Cem App" languagecode="1033" />
    </LocalizedNames>
    <Descriptions />
    <Version>1.0.0.3</Version>
    <Managed>0</Managed>
    <Publisher>
      <UniqueName>health_and_public_sector</UniqueName>
      <LocalizedNames>
        <LocalizedName description="Health and Public Sector" languagecode="1033" />
      </LocalizedNames>
      <Descriptions />
      <EMailAddress xsi:nil="true"></EMailAddress>
      <SupportingWebsiteUrl xsi:nil="true"></SupportingWebsiteUrl>
      <CustomizationPrefix>hps</CustomizationPrefix>
      <CustomizationOptionValuePrefix>98052</CustomizationOptionValuePrefix>
      <Addresses>
        <Address>
          <AddressNumber>1</AddressNumber>
          <AddressTypeCode>1</AddressTypeCode>
          <City xsi:nil="true"></City>
          <County xsi:nil="true"></County>
          <Country xsi:nil="true"></Country>
          <Fax xsi:nil="true"></Fax>
          <FreightTermsCode xsi:nil="true"></FreightTermsCode>
          <ImportSequenceNumber xsi:nil="true"></ImportSequenceNumber>
          <Latitude xsi:nil="true"></Latitude>
          <Line1 xsi:nil="true"></Line1>
          <Line2 xsi:nil="true"></Line2>
          <Line3 xsi:nil="true"></Line3>
          <Longitude xsi:nil="true"></Longitude>
          <Name xsi:nil="true"></Name>
          <PostalCode xsi:nil="true"></PostalCode>
          <PostOfficeBox xsi:nil="true"></PostOfficeBox>
          <PrimaryContactName xsi:nil="true"></PrimaryContactName>
          <ShippingMethodCode>1</ShippingMethodCode>
          <StateOrProvince xsi:nil="true"></StateOrProvince>
          <Telephone1 xsi:nil="true"></Telephone1>
          <Telephone2 xsi:nil="true"></Telephone2>
          <Telephone3 xsi:nil="true"></Telephone3>
          <TimeZoneRuleVersionNumber xsi:nil="true"></TimeZoneRuleVersionNumber>
          <UPSZone xsi:nil="true"></UPSZone>
          <UTCOffset xsi:nil="true"></UTCOffset>
          <UTCConversionTimeZoneCode xsi:nil="true"></UTCConversionTimeZoneCode>
        </Address>
        <Address>
          <AddressNumber>2</AddressNumber>
          <AddressTypeCode>1</AddressTypeCode>
          <City xsi:nil="true"></City>
          <County xsi:nil="true"></County>
          <Country xsi:nil="true"></Country>
          <Fax xsi:nil="true"></Fax>
          <FreightTermsCode xsi:nil="true"></FreightTermsCode>
          <ImportSequenceNumber xsi:nil="true"></ImportSequenceNumber>
          <Latitude xsi:nil="true"></Latitude>
          <Line1 xsi:nil="true"></Line1>
          <Line2 xsi:nil="true"></Line2>
          <Line3 xsi:nil="true"></Line3>
          <Longitude xsi:nil="true"></Longitude>
          <Name xsi:nil="true"></Name>
          <PostalCode xsi:nil="true"></PostalCode>
          <PostOfficeBox xsi:nil="true"></PostOfficeBox>
          <PrimaryContactName xsi:nil="true"></PrimaryContactName>
          <ShippingMethodCode>1</ShippingMethodCode>
          <StateOrProvince xsi:nil="true"></StateOrProvince>
          <Telephone1 xsi:nil="true"></Telephone1>
          <Telephone2 xsi:nil="true"></Telephone2>
          <Telephone3 xsi:nil="true"></Telephone3>
          <TimeZoneRuleVersionNumber xsi:nil="true"></TimeZoneRuleVersionNumber>
          <UPSZone xsi:nil="true"></UPSZone>
          <UTCOffset xsi:nil="true"></UTCOffset>
          <UTCConversionTimeZoneCode xsi:nil="true"></UTCConversionTimeZoneCode>
        </Address>
      </Addresses>
    </Publisher>
    <RootComponents>
      <RootComponent type="1" schemaName="contact" behavior="1" />
      <RootComponent type="1" schemaName="hps_allveterans" behavior="0" />
      <RootComponent type="1" schemaName="hps_branchofservice" behavior="0" />
      <RootComponent type="1" schemaName="hps_dischargetype" behavior="0" />
      <RootComponent type="1" schemaName="hps_ranklevel" behavior="0" />
      <RootComponent type="1" schemaName="hps_relationshiptype" behavior="0" />
      <RootComponent type="1" schemaName="hps_servicecomponent" behavior="0" />
      <RootComponent type="1" schemaName="hps_servicerank" behavior="0" />
      <RootComponent type="1" schemaName="hps_spousedependant" behavior="0" />
      <RootComponent type="1" schemaName="hps_veteransmemorialcemeteryapplication" behavior="0" />
      <RootComponent type="9" schemaName="hps_country_choice" behavior="0" />
      <RootComponent type="29" id="{08b21094-333a-ee11-bdf4-001dd803c7ca}" behavior="0" />
      <RootComponent type="29" id="{58d69728-293a-ee11-bdf4-001dd8083dec}" behavior="0" />
      <RootComponent type="29" id="{69f76e77-203a-ee11-bdf4-001dd803c612}" behavior="0" />
      <RootComponent type="29" id="{844c1985-273a-ee11-bdf4-001dd8083b86}" behavior="0" />
      <RootComponent type="29" id="{87efac70-063d-ee11-bdf4-001dd803c612}" behavior="0" />
      <RootComponent type="29" id="{d791213c-f73b-ee11-bdf4-001dd80839b9}" behavior="0" />
      <RootComponent type="61" schemaName="hps_veteranslogo" behavior="0" />
      <RootComponent type="62" schemaName="hps_VetCemAppMDA" behavior="0" />
      <RootComponent type="80" schemaName="hps_VetCemAppMDA" behavior="0" />
    </RootComponents>
    <MissingDependencies>
      <MissingDependency>
        <Required type="20" displayName="General" solution="Active" id="{928c4c29-273c-ee11-bdf4-001dd80b09e9}" />
        <Dependent type="80" schemaName="hps_VetCemAppMDA" displayName="Vet Cem App MDA" />
      </MissingDependency>
      <MissingDependency>
        <Required type="61" schemaName="msdyn_/Images/AppModule_Default_Icon.png" displayName="msdyn_/Images/AppModule_Default_Icon.png" solution="AppModuleWebResources (2.5)" />
        <Dependent type="80" schemaName="hps_VetCemAppMDA" displayName="Vet Cem App MDA" />
      </MissingDependency>
      <MissingDependency>
        <Required type="66" schemaName="hps_HPS.BingAddressAutocomplete" displayName="hps_HPS.BingAddressAutocomplete" solution="Active" />
        <Dependent type="60" displayName="Web - Modern - Create" parentDisplayName="Veterans Memorial Cemetery Application" id="{0438cb0a-173a-ee11-bdf4-001dd803c7ca}" />
      </MissingDependency>
      <MissingDependency>
        <Required type="66" schemaName="hps_HPS.BingAddressAutocomplete" displayName="hps_HPS.BingAddressAutocomplete" solution="Active" />
        <Dependent type="60" displayName="Web - Create" parentDisplayName="Spouse/Dependent" id="{1c948945-6439-ee11-bdf4-001dd8083a9a}" />
      </MissingDependency>
      <MissingDependency>
        <Required type="66" schemaName="hps_HPS.BingAddressAutocomplete" displayName="hps_HPS.BingAddressAutocomplete" solution="Active" />
        <Dependent type="60" displayName="Veterans Memorial Cemetery Application - Modern" parentDisplayName="Veterans Memorial Cemetery Application" id="{b58e3cbd-fa39-ee11-bdf4-001dd8083424}" />
      </MissingDependency>
      <MissingDependency>
        <Required type="66" schemaName="hps_HPS.BingAddressAutocomplete" displayName="hps_HPS.BingAddressAutocomplete" solution="Active" />
        <Dependent type="60" displayName="RI Vet App" parentDisplayName="Spouse/Dependent" id="{d8ccdac2-6339-ee11-bdf4-001dd80b09e9}" />
      </MissingDependency>
      <MissingDependency>
        <Required type="66" schemaName="ita_ItAintBoring.PCFControls.NToNMultiSelect" displayName="ita_ItAintBoring.PCFControls.NToNMultiSelect" solution="Active" />
        <Dependent type="60" displayName="Veterans Memorial Cemetery Application - Modern" parentDisplayName="Veterans Memorial Cemetery Application" id="{b58e3cbd-fa39-ee11-bdf4-001dd8083424}" />
      </MissingDependency>
      <MissingDependency>
        <Required type="66" schemaName="marktek_MultiSelectPCFControl.MultiSelectPCFControl" displayName="marktek_MultiSelectPCFControl.MultiSelectPCFControl" solution="MultiSelectControl (1.0)" />
        <Dependent type="60" displayName="Veterans Memorial Cemetery Application - Modern" parentDisplayName="Veterans Memorial Cemetery Application" id="{b58e3cbd-fa39-ee11-bdf4-001dd8083424}" />
      </MissingDependency>
      <MissingDependency>
        <Required type="66" schemaName="MscrmControls.Grid.GridControl" displayName="MscrmControls.Grid.GridControl" solution="BaseCustomControlsCore (9.0.2312.2026)" />
        <Dependent type="60" displayName="Web - Modern - Create" parentDisplayName="Veterans Memorial Cemetery Application" id="{0438cb0a-173a-ee11-bdf4-001dd803c7ca}" />
      </MissingDependency>
      <MissingDependency>
        <Required type="66" schemaName="MscrmControls.Grid.GridControl" displayName="MscrmControls.Grid.GridControl" solution="BaseCustomControlsCore (9.0.2312.2026)" />
        <Dependent type="60" displayName="Veterans Memorial Cemetery Application - Modern" parentDisplayName="Veterans Memorial Cemetery Application" id="{b58e3cbd-fa39-ee11-bdf4-001dd8083424}" />
      </MissingDependency>
      <MissingDependency>
        <Required type="66" schemaName="MscrmControls.Signature.SignatureControl" displayName="MscrmControls.Signature.SignatureControl" solution="CustomControlsCore (9.2.23122.00208)" />
        <Dependent type="60" displayName="Web - Modern - Create" parentDisplayName="Veterans Memorial Cemetery Application" id="{0438cb0a-173a-ee11-bdf4-001dd803c7ca}" />
      </MissingDependency>
      <MissingDependency>
        <Required type="66" schemaName="MscrmControls.Signature.SignatureControl" displayName="MscrmControls.Signature.SignatureControl" solution="CustomControlsCore (9.2.23122.00208)" />
        <Dependent type="60" displayName="Veterans Memorial Cemetery Application - Modern" parentDisplayName="Veterans Memorial Cemetery Application" id="{b58e3cbd-fa39-ee11-bdf4-001dd8083424}" />
      </MissingDependency>
      <MissingDependency>
        <Required type="66" schemaName="msdyn_MscrmControls.FieldService.MultiselectLookupControl" displayName="msdyn_MscrmControls.FieldService.MultiselectLookupControl" solution="msdyn_FieldService_patch_update (8.8.104.44)">
          <package>FieldService_Anchor (8.8.104.44)</package>
        </Required>
        <Dependent type="60" displayName="Veterans Memorial Cemetery Application - Modern" parentDisplayName="Veterans Memorial Cemetery Application" id="{b58e3cbd-fa39-ee11-bdf4-001dd8083424}" />
      </MissingDependency>
      <MissingDependency>
        <Required type="66" schemaName="vso_VictorSanchez.MultiselectRecordsEntity" displayName="vso_VictorSanchez.MultiselectRecordsEntity" solution="MultiselectRecords_Solution (1.0.0.13)" />
        <Dependent type="60" displayName="Veterans Memorial Cemetery Application - Modern" parentDisplayName="Veterans Memorial Cemetery Application" id="{b58e3cbd-fa39-ee11-bdf4-001dd8083424}" />
      </MissingDependency>
      <MissingDependency>
        <Required type="9" schemaName="hps_yesnoblank" displayName="Yes/No/Blank" solution="Active" />
        <Dependent type="2" schemaName="hps_anydependentchildren_choice" displayName="Any Dependent Children" parentSchemaName="hps_veteransmemorialcemeteryapplication" parentDisplayName="Veterans Memorial Cemetery Application" />
      </MissingDependency>
      <MissingDependency>
        <Required type="9" schemaName="hps_yesnoblank" displayName="Yes/No/Blank" solution="Active" />
        <Dependent type="2" schemaName="hps_buryspousewithveteran_choice" displayName="Bury Spouse with Veteran" parentSchemaName="hps_veteransmemorialcemeteryapplication" parentDisplayName="Veterans Memorial Cemetery Application" />
      </MissingDependency>
      <MissingDependency>
        <Required type="9" schemaName="hps_yesnoblank" displayName="Yes/No/Blank" solution="Active" />
        <Dependent type="2" schemaName="hps_serviceinotherstate_choice" displayName="Service In Other State" parentSchemaName="hps_veteransmemorialcemeteryapplication" parentDisplayName="Veterans Memorial Cemetery Application" />
      </MissingDependency>
      <MissingDependency>
        <Required type="connectionreference" displayName="hps_sharedcommondataserviceforapps_f66af" solution="Active" id.connectionreferencelogicalname="hps_sharedcommondataserviceforapps_f66af" />
        <Dependent type="29" displayName="Vet Mem Cem App - Create SharePoint Folder" id="{69f76e77-203a-ee11-bdf4-001dd803c612}" />
      </MissingDependency>
      <MissingDependency>
        <Required type="connectionreference" displayName="hps_sharedcommondataserviceforapps_f66af" solution="Active" id.connectionreferencelogicalname="hps_sharedcommondataserviceforapps_f66af" />
        <Dependent type="29" displayName="Vet Cem Mem App - Copy Files to SharePoint on Draft Submission" id="{d791213c-f73b-ee11-bdf4-001dd80839b9}" />
      </MissingDependency>
      <MissingDependency>
        <Required type="connectionreference" displayName="hps_sharedsharepointonline_54b4a" solution="Active" id.connectionreferencelogicalname="hps_sharedsharepointonline_54b4a" />
        <Dependent type="29" displayName="Vet Mem Cem App - Create SharePoint Folder" id="{69f76e77-203a-ee11-bdf4-001dd803c612}" />
      </MissingDependency>
      <MissingDependency>
        <Required type="connectionreference" displayName="hps_sharedsharepointonline_54b4a" solution="Active" id.connectionreferencelogicalname="hps_sharedsharepointonline_54b4a" />
        <Dependent type="29" displayName="Vet Cem Mem App - Copy Files to SharePoint on Draft Submission" id="{d791213c-f73b-ee11-bdf4-001dd80839b9}" />
      </MissingDependency>
    </MissingDependencies>
  </SolutionManifest>
</ImportExportXml>