<manifest><control namespace="HPS" constructor="BingAddressAutocomplete" version="0.0.19" display-name-key="Bing Address Autocomplete" description-key="Use this control to enable address autocomplete feature powered by Bing Maps API" control-type="standard" api-version="1.2.1"><property name="value" display-name-key="Full Address" description-key="Full Address" of-type="SingleLine.Text" usage="bound" required="true" /><property name="bingapikey" display-name-key="Bing Api Key" description-key="Enter valid Bing API Key to enable address autocomplete functionality" of-type="SingleLine.Text" usage="input" required="true" /><property name="street" display-name-key="Street" description-key="Street" of-type="SingleLine.Text" usage="bound" required="true" /><property name="city" display-name-key="City" description-key="City" of-type="SingleLine.Text" usage="bound" required="true" /><property name="county" display-name-key="County" description-key="County" of-type="SingleLine.Text" usage="bound" required="true" /><property name="state" display-name-key="State/Region" description-key="State/Region" of-type="SingleLine.Text" usage="bound" required="true" /><property name="zipcode" display-name-key="Zip Code" description-key="Zip Code" of-type="SingleLine.Text" usage="bound" required="true" /><property name="country" display-name-key="Country" description-key="Country" of-type="SingleLine.Text" usage="bound" required="true" /><property name="street2" display-name-key="Street 2" usage="bound" required="false" of-type="SingleLine.Text" /><resources><code path="bundle.js" order="1" /><css path="css/AddressAutocomplete.css" order="1" /></resources><built-by name="pac" version="1.0.6" /></control></manifest>